{
  "USA": { "name": "United States", "region": "North America" },
  "CAN": { "name": "Canada", "region": "North America" },
  "MEX": { "name": "Mexico", "region": "North America" },
  "GTM": { "name": "Guatemala", "region": "North America" },
  "BLZ": { "name": "Belize", "region": "North America" },
  "HND": { "name": "Honduras", "region": "North America" },
  "SLV": { "name": "El Salvador", "region": "North America" },
  "NIC": { "name": "Nicaragua", "region": "North America" },
  "CRI": { "name": "Costa Rica", "region": "North America" },
  "PAN": { "name": "Panama", "region": "North America" },
  "CUB": { "name": "Cuba", "region": "North America" },
  "HTI": { "name": "Haiti", "region": "North America" },
  "DOM": { "name": "Dominican Republic", "region": "North America" },
  "JAM": { "name": "Jamaica", "region": "North America" },
  "BHS": { "name": "Bahamas", "region": "North America" },
  "BRB": { "name": "Barbados", "region": "North America" },
  "TTO": { "name": "Trinidad and Tobago", "region": "North America" },
  "ATG": { "name": "Antigua and Barbuda", "region": "North America" },
  "DMA": { "name": "Dominica", "region": "North America" },
  "LCA": { "name": "Saint Lucia", "region": "North America" },
  "VCT": { "name": "Saint Vincent and the Grenadines", "region": "North America" },
  "GRD": { "name": "Grenada", "region": "North America" },
  "KNA": { "name": "Saint Kitts and Nevis", "region": "North America" },

  "BRA": { "name": "Brazil", "region": "South America" },
  "ARG": { "name": "Argentina", "region": "South America" },
  "CHL": { "name": "Chile", "region": "South America" },
  "COL": { "name": "Colombia", "region": "South America" },
  "PER": { "name": "Peru", "region": "South America" },
  "VEN": { "name": "Venezuela", "region": "South America" },
  "ECU": { "name": "Ecuador", "region": "South America" },
  "BOL": { "name": "Bolivia", "region": "South America" },
  "PRY": { "name": "Paraguay", "region": "South America" },
  "URY": { "name": "Uruguay", "region": "South America" },
  "GUY": { "name": "Guyana", "region": "South America" },
  "SUR": { "name": "Suriname", "region": "South America" },

  "GBR": { "name": "United Kingdom", "region": "Europe" },
  "IRL": { "name": "Ireland", "region": "Europe" },
  "FRA": { "name": "France", "region": "Europe" },
  "ESP": { "name": "Spain", "region": "Europe" },
  "PRT": { "name": "Portugal", "region": "Europe" },
  "DEU": { "name": "Germany", "region": "Europe" },
  "NLD": { "name": "Netherlands", "region": "Europe" },
  "BEL": { "name": "Belgium", "region": "Europe" },
  "LUX": { "name": "Luxembourg", "region": "Europe" },
  "ITA": { "name": "Italy", "region": "Europe" },
  "CHE": { "name": "Switzerland", "region": "Europe" },
  "AUT": { "name": "Austria", "region": "Europe" },
  "POL": { "name": "Poland", "region": "Europe" },
  "CZE": { "name": "Czech Republic", "region": "Europe" },
  "SVK": { "name": "Slovakia", "region": "Europe" },
  "HUN": { "name": "Hungary", "region": "Europe" },
  "DNK": { "name": "Denmark", "region": "Europe" },
  "SWE": { "name": "Sweden", "region": "Europe" },
  "NOR": { "name": "Norway", "region": "Europe" },
  "FIN": { "name": "Finland", "region": "Europe" },
  "ISL": { "name": "Iceland", "region": "Europe" },
  "GRC": { "name": "Greece", "region": "Europe" },
  "ROU": { "name": "Romania", "region": "Europe" },
  "BGR": { "name": "Bulgaria", "region": "Europe" },
  "SRB": { "name": "Serbia", "region": "Europe" },
  "HRV": { "name": "Croatia", "region": "Europe" },
  "SVN": { "name": "Slovenia", "region": "Europe" },
  "BIH": { "name": "Bosnia and Herzegovina", "region": "Europe" },
  "MNE": { "name": "Montenegro", "region": "Europe" },
  "ALB": { "name": "Albania", "region": "Europe" },
  "MKD": { "name": "North Macedonia", "region": "Europe" },
  "EST": { "name": "Estonia", "region": "Europe" },
  "LVA": { "name": "Latvia", "region": "Europe" },
  "LTU": { "name": "Lithuania", "region": "Europe" },
  "UKR": { "name": "Ukraine", "region": "Europe" },
  "BLR": { "name": "Belarus", "region": "Europe" },
  "MDA": { "name": "Moldova", "region": "Europe" },
  "RUS": { "name": "Russia", "region": "Europe" },

  "EGY": { "name": "Egypt", "region": "Africa" },
  "NGA": { "name": "Nigeria", "region": "Africa" },
  "ZAF": { "name": "South Africa", "region": "Africa" },
  "KEN": { "name": "Kenya", "region": "Africa" },
  "ETH": { "name": "Ethiopia", "region": "Africa" },
  "DZA": { "name": "Algeria", "region": "Africa" },
  "MAR": { "name": "Morocco", "region": "Africa" },
  "TUN": { "name": "Tunisia", "region": "Africa" },
  "LBY": { "name": "Libya", "region": "Africa" },
  "SDN": { "name": "Sudan", "region": "Africa" },
  "SEN": { "name": "Senegal", "region": "Africa" },
  "GHA": { "name": "Ghana", "region": "Africa" },
  "CIV": { "name": "Ivory Coast", "region": "Africa" },
  "CMR": { "name": "Cameroon", "region": "Africa" },
  "UGA": { "name": "Uganda", "region": "Africa" },
  "TZA": { "name": "Tanzania", "region": "Africa" },
  "ZMB": { "name": "Zambia", "region": "Africa" },
  "ZWE": { "name": "Zimbabwe", "region": "Africa" },
  "AGO": { "name": "Angola", "region": "Africa" },
  "NAM": { "name": "Namibia", "region": "Africa" },

  "CHN": { "name": "China", "region": "Asia" },
  "IND": { "name": "India", "region": "Asia" },
  "PAK": { "name": "Pakistan", "region": "Asia" },
  "JPN": { "name": "Japan", "region": "Asia" },
  "KOR": { "name": "South Korea", "region": "Asia" },
  "PRK": { "name": "North Korea", "region": "Asia" },
  "THA": { "name": "Thailand", "region": "Asia" },
  "VNM": { "name": "Vietnam", "region": "Asia" },
  "PHL": { "name": "Philippines", "region": "Asia" },
  "IDN": { "name": "Indonesia", "region": "Asia" },
  "MYS": { "name": "Malaysia", "region": "Asia" },
  "SGP": { "name": "Singapore", "region": "Asia" },
  "BGD": { "name": "Bangladesh", "region": "Asia" },
  "LKA": { "name": "Sri Lanka", "region": "Asia" },
  "NPL": { "name": "Nepal", "region": "Asia" },
  "MMR": { "name": "Myanmar", "region": "Asia" },
  "KHM": { "name": "Cambodia", "region": "Asia" },
  "LAO": { "name": "Laos", "region": "Asia" },
  "IRN": { "name": "Iran", "region": "Asia" },
  "IRQ": { "name": "Iraq", "region": "Asia" },
  "ISR": { "name": "Israel", "region": "Asia" },
  "JOR": { "name": "Jordan", "region": "Asia" },
  "SAU": { "name": "Saudi Arabia", "region": "Asia" },
  "ARE": { "name": "United Arab Emirates", "region": "Asia" },
  "QAT": { "name": "Qatar", "region": "Asia" },
  "KWT": { "name": "Kuwait", "region": "Asia" },
  "OMN": { "name": "Oman", "region": "Asia" },
  "YEM": { "name": "Yemen", "region": "Asia" },
  "TUR": { "name": "Turkey", "region": "Asia" },

  "AUS": { "name": "Australia", "region": "Oceania" },
  "NZL": { "name": "New Zealand", "region": "Oceania" },
  "PNG": { "name": "Papua New Guinea", "region": "Oceania" },
  "SLB": { "name": "Solomon Islands", "region": "Oceania" },
  "FJI": { "name": "Fiji", "region": "Oceania" },
  "VUT": { "name": "Vanuatu", "region": "Oceania" },
  "WSM": { "name": "Samoa", "region": "Oceania" },
  "TON": { "name": "Tonga", "region": "Oceania" },
  "KIR": { "name": "Kiribati", "region": "Oceania" },
  "NRU": { "name": "Nauru", "region": "Oceania" },
  "TUV": { "name": "Tuvalu", "region": "Oceania" },
  "FSM": { "name": "Micronesia", "region": "Oceania" },
  "PLW": { "name": "Palau", "region": "Oceania" },
  "MHL": { "name": "Marshall Islands", "region": "Oceania" }
}
